Element,Frequency
AOI 003,255.40428701289832
No hit,376.22316835444866
AOI 002,-147.32531745893306
AOI 001,-59.73162848630992
