Element,Frequency
AOI 003,9916.629383508169
No hit,18218.095666963072
AOI 002,-719.2016450173003
AOI 001,-408.1333417923702
