Element,Frequency
AOI 003,4847.94649443024
No hit,9538.584870831588
AOI 002,129.25645751210894
AOI 001,117.23431729066151
