Element,Frequency
AOI 003,4343.852618784561
No hit,10400.215813935354
AOI 002,153.08362334081033
AOI 001,5.613805713723868
