Element,Frequency
AOI 003,9114.874260573513
No hit,17153.257210562155
AOI 002,1066.283840172174
AOI 001,275.20488318917046
