Element,Frequency
AOI 003,9475.32456792207
AOI 002,366.5381613393707
AOI 001,152.40390560688775
