Element,Frequency
1,19946.78066415414
3,7807.1887071003075
0,31751.81693735216
2,11852.27106644788
5,2728.02514310749
4,4357.3547722754165
8,1363.7331336175464
7,1624.4258742844142
6,1411.5268027398056
11,-183.04379433920568
14,325.3070499611877
9,968.3491436061294
10,234.06459072778358
13,-565.3931473172792
15,38.54503522763239
16,-48.352544994657066
12,299.2377758945007
17,-222.14770543923584
18,759.7949510726348
19,-561.0482683061646
20,-135.25012521694646
